shadcn-ui/ui,https://github.com/shadcn-ui/ui,69441,"components, nextjs, radix-ui, react, tailwindcss, ui"
sourcegraph/conc,https://github.com/sourcegraph/conc,8916,"concurrency, go, golang, goroutines"
mouredev/hello-git,https://github.com/mouredev/hello-git,8636,"curso-git, curso-github, desde-cero, git, github"
Name,URL,Stars,Topics
shadcn-ui/ui,https://github.com/shadcn-ui/ui,69441,"components, nextjs, radix-ui, react, tailwindcss, ui"
Name,URL,Stars,Topics
shadcn-ui/ui,https://github.com/shadcn-ui/ui,69441,"components, nextjs, radix-ui, react, tailwindcss, ui"
Name,URL,Stars,Topics
shadcn-ui/ui,https://github.com/shadcn-ui/ui,69441,"components, nextjs, radix-ui, react, tailwindcss, ui"
sourcegraph/conc,https://github.com/sourcegraph/conc,8916,"concurrency, go, golang, goroutines"
mouredev/hello-git,https://github.com/mouredev/hello-git,8636,"curso-git, curso-github, desde-cero, git, github"
Name,URL,Stars,Topics
shadcn-ui/ui,https://github.com/shadcn-ui/ui,69441,"components, nextjs, radix-ui, react, tailwindcss, ui"
sourcegraph/conc,https://github.com/sourcegraph/conc,8916,"concurrency, go, golang, goroutines"
mouredev/hello-git,https://github.com/mouredev/hello-git,8636,"curso-git, curso-github, desde-cero, git, github"
Name,URL,Stars,Topics
shadcn-ui/ui,https://github.com/shadcn-ui/ui,69441,"components, nextjs, radix-ui, react, tailwindcss, ui"
Name,URL,Stars,Topics
shadcn-ui/ui,https://github.com/shadcn-ui/ui,69441,"components, nextjs, radix-ui, react, tailwindcss, ui"
sourcegraph/conc,https://github.com/sourcegraph/conc,8916,"concurrency, go, golang, goroutines"
mouredev/hello-git,https://github.com/mouredev/hello-git,8636,"curso-git, curso-github, desde-cero, git, github"
